threshold,nodes,edges,largest_cc_size,num_isolates,avg_degree,assortativity
0.4,108,174,46,57,3.2222222222222223,-0.03625521300229961
0.2,108,2547,106,2,47.166666666666664,-0.18432624989948826
